{"loss": 2.1466503143310547, "epoch": 0, "learning_rate": [0.0007325755390387292], "_runtime": 9, "_timestamp": 1626220159, "_step": 172}