{"loss": 2.1825366020202637, "epoch": 0, "learning_rate": [0.0003787003846022963], "_runtime": 10, "_timestamp": 1626220225, "_step": 288}