{"loss": 2.1021063327789307, "epoch": 0, "learning_rate": [4.3654206298248625e-05], "_runtime": 9, "_timestamp": 1626220259, "_step": 432}