{"loss": 2.111452579498291, "epoch": 0, "learning_rate": 0.0007325755390387292, "_runtime": 9, "_timestamp": 1626232208, "_step": 173, "Accuracy": 27.259057048998287}