{"loss": 2.0953187942504883, "epoch": 0, "learning_rate": 0.0007325755390387292, "_runtime": 10, "_timestamp": 1626223107, "_step": 172}